n,mean,stdev,repetitions
100,0.761,0.041701318924,20
500,0.7642,0.0234512259807,20
1000,0.75795,0.0209271952254,20
5000,0.76185,0.011115552168,20
