n,mean,stdev,repetitions
100,0.8465,0.0387653195524,20
500,0.8262,0.0187605970054,20
1000,0.82835,0.014543985011,20
5000,0.82511,0.0073605638371,20
